datetime,training_steps,policy_loss,value_loss,learning_rate,total_games,total_samples
2024-10-16 13:39:49,200,3.1598172187805176,0.8769420385360718,0.01,2000,76195
2024-10-16 13:39:53,400,2.927177906036377,0.7878879904747009,0.01,2000,76195
2024-10-16 13:39:58,600,2.810051918029785,0.7711277008056641,0.01,2000,76195
2024-10-16 13:40:02,800,2.4886014461517334,0.7493957281112671,0.01,2000,76195
2024-10-16 13:40:06,1000,2.340846061706543,0.7888760566711426,0.01,2000,76195
2024-10-16 13:57:54,1200,2.4347658157348633,0.7975440621376038,0.01,2500,92347
2024-10-16 13:57:58,1400,2.258540630340576,0.6402907371520996,0.01,2500,92347
2024-10-16 13:58:02,1600,2.204005479812622,0.6267319321632385,0.01,2500,92347
2024-10-16 13:58:07,1800,2.2492599487304688,0.6659080982208252,0.01,2500,92347
2024-10-16 13:58:11,2000,2.408245801925659,0.793632984161377,0.01,2500,92347
2024-10-16 14:13:59,2200,2.18424654006958,0.6334114074707031,0.01,3000,107076
2024-10-16 14:14:03,2400,2.1480302810668945,0.6299303770065308,0.01,3000,107076
2024-10-16 14:14:08,2600,2.3398423194885254,0.7662835121154785,0.01,3000,107076
2024-10-16 14:14:12,2800,2.1675050258636475,0.5815880298614502,0.01,3000,107076
2024-10-16 14:14:17,3000,2.1383841037750244,0.5054699778556824,0.01,3000,107076
2024-10-16 14:28:54,3200,2.3178839683532715,0.8113601207733154,0.01,3500,121717
2024-10-16 14:28:58,3400,2.1106510162353516,0.5054038166999817,0.01,3500,121717
2024-10-16 14:29:02,3600,2.1390504837036133,0.5151371955871582,0.01,3500,121717
2024-10-16 14:29:07,3800,2.131681442260742,0.4750451445579529,0.01,3500,121717
2024-10-16 14:29:11,4000,2.2798988819122314,0.7440881729125977,0.01,3500,121717
2024-10-16 14:43:38,4200,2.1842474937438965,0.7304621338844299,0.01,4000,136406
2024-10-16 14:43:43,4400,1.9855186939239502,0.4437355399131775,0.01,4000,136406
2024-10-16 14:43:47,4600,2.0231728553771973,0.44303077459335327,0.01,4000,136406
2024-10-16 14:43:51,4800,2.0298783779144287,0.4656899869441986,0.01,4000,136406
2024-10-16 14:43:55,5000,2.233842134475708,0.6763033866882324,0.01,4000,136406
2024-10-16 14:57:49,5200,2.2393059730529785,0.6370377540588379,0.01,4500,150962
2024-10-16 14:57:53,5400,2.1601722240448,0.5962653160095215,0.01,4500,150962
2024-10-16 14:57:58,5600,1.9262681007385254,0.45379576086997986,0.01,4500,150962
2024-10-16 14:58:02,5800,2.0882556438446045,0.5939142107963562,0.01,4500,150962
2024-10-16 14:58:06,6000,2.2198123931884766,0.5733823180198669,0.01,4500,150962
2024-10-16 15:11:03,6200,1.8631891012191772,0.41326797008514404,0.01,5000,165375
2024-10-16 15:11:08,6400,2.061422348022461,0.5816724300384521,0.01,5000,165375
2024-10-16 15:11:12,6600,1.7984850406646729,0.3935292363166809,0.01,5000,165375
2024-10-16 15:11:16,6800,2.105029821395874,0.5762733221054077,0.01,5000,165375
2024-10-16 15:11:21,7000,1.8598729372024536,0.3116135597229004,0.01,5000,165375
2024-10-16 15:24:01,7200,2.0030064582824707,0.5232819318771362,0.01,5500,179653
2024-10-16 15:24:05,7400,1.9898475408554077,0.5398327112197876,0.01,5500,179653
2024-10-16 15:24:10,7600,2.0431771278381348,0.6045810580253601,0.01,5500,179653
2024-10-16 15:24:14,7800,2.008638381958008,0.519614040851593,0.01,5500,179653
2024-10-16 15:24:18,8000,1.956878900527954,0.44330644607543945,0.01,5500,179653
2024-10-16 15:36:23,8200,1.6228289604187012,0.31428128480911255,0.01,6000,193861
2024-10-16 15:36:28,8400,1.6753106117248535,0.33376559615135193,0.01,6000,193861
2024-10-16 15:36:32,8600,1.8658146858215332,0.427816778421402,0.01,6000,193861
2024-10-16 15:36:36,8800,1.823314905166626,0.5552403926849365,0.01,6000,193861
2024-10-16 15:36:41,9000,1.9255743026733398,0.4942435026168823,0.01,6000,193861
2024-10-16 15:48:47,9200,1.7540943622589111,0.43866896629333496,0.01,6500,208357
2024-10-16 15:48:51,9400,1.7722350358963013,0.44599294662475586,0.01,6500,208357
2024-10-16 15:48:56,9600,1.7997225522994995,0.4329594671726227,0.01,6500,208357
2024-10-16 15:49:00,9800,1.8325856924057007,0.47237440943717957,0.01,6500,208357
2024-10-16 15:49:04,10000,1.7822113037109375,0.4809969663619995,0.01,6500,208357
2024-10-16 16:00:51,10200,1.5218329429626465,0.31344854831695557,0.01,7000,222753
2024-10-16 16:00:55,10400,1.7357983589172363,0.4166453778743744,0.01,7000,222753
2024-10-16 16:01:00,10600,1.6699624061584473,0.43186336755752563,0.01,7000,222753
2024-10-16 16:01:04,10800,1.690457820892334,0.4606821835041046,0.01,7000,222753
2024-10-16 16:01:09,11000,1.7002615928649902,0.49875983595848083,0.01,7000,222753
2024-10-16 16:13:15,11200,1.6035902500152588,0.4385793209075928,0.01,7500,237114
2024-10-16 16:13:19,11400,1.6407450437545776,0.39250439405441284,0.01,7500,237114
2024-10-16 16:13:24,11600,1.3488110303878784,0.3223683834075928,0.01,7500,237114
2024-10-16 16:13:28,11800,1.6375086307525635,0.4645145833492279,0.01,7500,237114
2024-10-16 16:13:33,12000,1.5977094173431396,0.4397711157798767,0.01,7500,237114
2024-10-16 16:24:59,12200,1.5315792560577393,0.4568207263946533,0.01,8000,251325
2024-10-16 16:25:03,12400,1.3793139457702637,0.2592752277851105,0.01,8000,251325
2024-10-16 16:25:08,12600,1.3602471351623535,0.2560008764266968,0.01,8000,251325
2024-10-16 16:25:12,12800,1.3510217666625977,0.26225048303604126,0.01,8000,251325
2024-10-16 16:25:16,13000,1.3970897197723389,0.29380521178245544,0.01,8000,251325
2024-10-16 16:36:44,13200,1.2853789329528809,0.3091392517089844,0.01,8500,265641
2024-10-16 16:36:48,13400,1.2668147087097168,0.3437786102294922,0.01,8500,265641
2024-10-16 16:36:52,13600,1.2635504007339478,0.29603463411331177,0.01,8500,265641
2024-10-16 16:36:56,13800,1.4530963897705078,0.3573054075241089,0.01,8500,265641
2024-10-16 16:37:01,14000,1.2916955947875977,0.26974985003471375,0.01,8500,265641
2024-10-16 16:48:55,14200,1.3952717781066895,0.30956706404685974,0.01,9000,280035
2024-10-16 16:49:00,14400,1.2452008724212646,0.2694885730743408,0.01,9000,280035
2024-10-16 16:49:04,14600,1.4077606201171875,0.3116685450077057,0.01,9000,280035
2024-10-16 16:49:08,14800,1.3000431060791016,0.2773892283439636,0.01,9000,280035
2024-10-16 16:49:13,15000,1.246281623840332,0.3058333992958069,0.01,9000,280035
2024-10-16 17:00:48,15200,1.3287773132324219,0.29546278715133667,0.01,9500,294258
2024-10-16 17:00:53,15400,1.3542572259902954,0.2794172167778015,0.01,9500,294258
2024-10-16 17:00:57,15600,1.182490348815918,0.2458728849887848,0.01,9500,294258
2024-10-16 17:01:01,15800,1.3484472036361694,0.26116234064102173,0.01,9500,294258
2024-10-16 17:01:05,16000,1.1635637283325195,0.21889811754226685,0.01,9500,294258
2024-10-16 17:12:40,16200,1.1468408107757568,0.2029908001422882,0.01,10000,308592
2024-10-16 17:12:45,16400,1.2777024507522583,0.2648288607597351,0.01,10000,308592
2024-10-16 17:12:49,16600,1.0572384595870972,0.2336680144071579,0.01,10000,308592
2024-10-16 17:12:54,16800,1.1420314311981201,0.1912897229194641,0.01,10000,308592
2024-10-16 17:12:59,17000,1.3454692363739014,0.26773276925086975,0.01,10000,308592
2024-10-16 17:24:33,17200,1.2666571140289307,0.23006920516490936,0.01,10500,322987
2024-10-16 17:24:38,17400,1.0911593437194824,0.18764573335647583,0.01,10500,322987
2024-10-16 17:24:42,17600,1.2307333946228027,0.1864367127418518,0.01,10500,322987
2024-10-16 17:24:47,17800,1.0168873071670532,0.1539181023836136,0.01,10500,322987
2024-10-16 17:24:51,18000,1.224238395690918,0.17370572686195374,0.01,10500,322987
2024-10-16 17:36:17,18200,1.2273300886154175,0.1687849909067154,0.01,11000,337312
2024-10-16 17:36:21,18400,1.15096116065979,0.15959130227565765,0.01,11000,337312
2024-10-16 17:36:25,18600,1.1191166639328003,0.16183051466941833,0.01,11000,337312
2024-10-16 17:36:30,18800,1.142641544342041,0.11462573707103729,0.01,11000,337312
2024-10-16 17:36:34,19000,1.2612206935882568,0.1671629250049591,0.01,11000,337312
2024-10-16 17:47:49,19200,1.0216567516326904,0.11097945272922516,0.01,11500,351665
2024-10-16 17:47:53,19400,1.2068016529083252,0.1525011658668518,0.01,11500,351665
2024-10-16 17:47:57,19600,1.0776894092559814,0.06024625897407532,0.01,11500,351665
2024-10-16 17:48:02,19800,1.1760015487670898,0.1320895552635193,0.01,11500,351665
2024-10-16 17:48:06,20000,1.1031064987182617,0.09877829998731613,0.01,11500,351665
2024-10-16 17:59:09,20200,1.0416710376739502,0.0969061627984047,0.01,12000,365901
2024-10-16 17:59:14,20400,1.1862850189208984,0.07594327628612518,0.01,12000,365901
2024-10-16 17:59:19,20600,1.2347508668899536,0.08083361387252808,0.01,12000,365901
2024-10-16 17:59:23,20800,1.0412232875823975,0.12352192401885986,0.01,12000,365901
2024-10-16 17:59:28,21000,1.2292542457580566,0.11093570291996002,0.01,12000,365901
2024-10-16 18:10:51,21200,1.0147802829742432,0.11014795303344727,0.01,12500,380171
2024-10-16 18:10:55,21400,1.2416678667068481,0.10468526184558868,0.01,12500,380171
2024-10-16 18:10:59,21600,1.2003216743469238,0.13409869372844696,0.01,12500,380171
2024-10-16 18:11:04,21800,1.070645809173584,0.09265844523906708,0.01,12500,380171
2024-10-16 18:11:08,22000,1.2345342636108398,0.14485538005828857,0.01,12500,380171
2024-10-16 18:22:02,22200,0.9809176325798035,0.10086974501609802,0.01,13000,394249
2024-10-16 18:22:06,22400,0.9899544715881348,0.0858459621667862,0.01,13000,394249
2024-10-16 18:22:11,22600,1.0378124713897705,0.07421984523534775,0.01,13000,394249
2024-10-16 18:22:15,22800,1.0043413639068604,0.07501043379306793,0.01,13000,394249
2024-10-16 18:22:19,23000,1.1862456798553467,0.06101657822728157,0.01,13000,394249
2024-10-16 18:33:04,23200,0.9655003547668457,0.08266843855381012,0.01,13500,408209
2024-10-16 18:33:09,23400,1.1619999408721924,0.13398095965385437,0.01,13500,408209
2024-10-16 18:33:13,23600,1.2473554611206055,0.09734241664409637,0.01,13500,408209
2024-10-16 18:33:17,23800,0.9746171236038208,0.09880995750427246,0.01,13500,408209
2024-10-16 18:33:22,24000,1.132765769958496,0.09795725345611572,0.01,13500,408209
2024-10-16 18:44:30,24200,1.1106529235839844,0.10800852626562119,0.01,14000,422477
2024-10-16 18:44:35,24400,1.1282113790512085,0.080023854970932,0.01,14000,422477
2024-10-16 18:44:39,24600,1.0447463989257812,0.07646377384662628,0.01,14000,422477
2024-10-16 18:44:43,24800,1.0321308374404907,0.061906442046165466,0.01,14000,422477
2024-10-16 18:44:47,25000,1.1414217948913574,0.12727323174476624,0.01,14000,422477
2024-10-16 18:55:44,25200,1.1202681064605713,0.08080420643091202,0.01,14500,436585
2024-10-16 18:55:49,25400,1.034388780593872,0.05870610475540161,0.01,14500,436585
2024-10-16 18:55:53,25600,1.0467946529388428,0.04894082993268967,0.01,14500,436585
2024-10-16 18:55:57,25800,1.0238139629364014,0.08490364253520966,0.01,14500,436585
2024-10-16 18:56:02,26000,1.0516127347946167,0.07646983116865158,0.01,14500,436585
2024-10-16 19:07:02,26200,1.024357795715332,0.059385064989328384,0.01,15000,450653
2024-10-16 19:07:06,26400,1.044463038444519,0.06637046486139297,0.01,15000,450653
2024-10-16 19:07:11,26600,1.0833665132522583,0.0511234886944294,0.01,15000,450653
2024-10-16 19:07:15,26800,0.9495683908462524,0.05088207870721817,0.01,15000,450653
2024-10-16 19:07:19,27000,1.164090633392334,0.07001833617687225,0.01,15000,450653
2024-10-16 19:18:11,27200,1.0200116634368896,0.05916457995772362,0.01,15500,464763
2024-10-16 19:18:16,27400,1.0242812633514404,0.08566803485155106,0.01,15500,464763
2024-10-16 19:18:20,27600,1.1159464120864868,0.0728694424033165,0.01,15500,464763
2024-10-16 19:18:24,27800,1.0463906526565552,0.0229253638535738,0.01,15500,464763
2024-10-16 19:18:29,28000,1.0889993906021118,0.07271896302700043,0.01,15500,464763
2024-10-16 19:29:26,28200,1.139432668685913,0.11237111687660217,0.01,16000,479067
2024-10-16 19:29:30,28400,1.0821095705032349,0.057689085602760315,0.01,16000,479067
2024-10-16 19:29:35,28600,1.1186513900756836,0.09505113959312439,0.01,16000,479067
2024-10-16 19:29:39,28800,1.0925871133804321,0.07380785793066025,0.01,16000,479067
2024-10-16 19:29:43,29000,1.141791820526123,0.10163822770118713,0.01,16000,479067
2024-10-16 19:40:27,29200,0.9697598814964294,0.06532737612724304,0.01,16500,493216
2024-10-16 19:40:31,29400,1.1681137084960938,0.12305957078933716,0.01,16500,493216
2024-10-16 19:40:35,29600,1.0280466079711914,0.06986017525196075,0.01,16500,493216
2024-10-16 19:40:40,29800,1.1442933082580566,0.08084366470575333,0.01,16500,493216
2024-10-16 19:40:44,30000,1.013695478439331,0.060036368668079376,0.01,16500,493216
2024-10-16 19:51:26,30200,1.1421699523925781,0.03928573429584503,0.01,17000,507383
2024-10-16 19:51:31,30400,1.1234426498413086,0.06218988448381424,0.01,17000,507383
2024-10-16 19:51:35,30600,1.1747660636901855,0.04889172688126564,0.01,17000,507383
2024-10-16 19:51:39,30800,1.0457545518875122,0.0776509940624237,0.01,17000,507383
2024-10-16 19:51:44,31000,1.014920949935913,0.045260898768901825,0.01,17000,507383
2024-10-16 20:02:20,31200,0.9499050378799438,0.027490800246596336,0.01,17500,521518
2024-10-16 20:02:24,31400,1.1432636976242065,0.04237508028745651,0.01,17500,521518
2024-10-16 20:02:29,31600,1.0612961053848267,0.057104144245386124,0.01,17500,521518
2024-10-16 20:02:33,31800,1.1292529106140137,0.08071479201316833,0.01,17500,521518
2024-10-16 20:02:37,32000,1.1602696180343628,0.06627902388572693,0.01,17500,521518
2024-10-16 20:13:21,32200,1.0256657600402832,0.08101256936788559,0.01,18000,535637
2024-10-16 20:13:26,32400,1.0892822742462158,0.10565163195133209,0.01,18000,535637
2024-10-16 20:13:30,32600,1.0790050029754639,0.09987238049507141,0.01,18000,535637
2024-10-16 20:13:34,32800,1.1922838687896729,0.07952870428562164,0.01,18000,535637
2024-10-16 20:13:39,33000,1.0092202425003052,0.07126417756080627,0.01,18000,535637
2024-10-16 20:24:31,33200,1.024969220161438,0.040580812841653824,0.01,18500,549931
2024-10-16 20:24:35,33400,1.1103644371032715,0.07687710225582123,0.01,18500,549931
2024-10-16 20:24:40,33600,1.1389096975326538,0.03847716748714447,0.01,18500,549931
2024-10-16 20:24:44,33800,0.9882051944732666,0.06499644368886948,0.01,18500,549931
2024-10-16 20:24:48,34000,1.1369208097457886,0.04698631167411804,0.01,18500,549931
2024-10-16 20:35:36,34200,1.05156409740448,0.05685630440711975,0.01,19000,564103
2024-10-16 20:35:40,34400,0.8911308646202087,0.06192639470100403,0.01,19000,564103
2024-10-16 20:35:45,34600,1.0270066261291504,0.043329063802957535,0.01,19000,564103
2024-10-16 20:35:49,34800,0.9929375052452087,0.05768867954611778,0.01,19000,564103
2024-10-16 20:35:53,35000,1.066587209701538,0.052195001393556595,0.01,19000,564103
2024-10-16 20:46:37,35200,0.9385342001914978,0.05550362914800644,0.01,19500,578316
2024-10-16 20:46:42,35400,1.0688239336013794,0.08610302209854126,0.01,19500,578316
2024-10-16 20:46:46,35600,0.9862253665924072,0.06537428498268127,0.01,19500,578316
2024-10-16 20:46:50,35800,1.1135691404342651,0.08300966769456863,0.01,19500,578316
2024-10-16 20:46:55,36000,0.9873888492584229,0.04121913015842438,0.01,19500,578316
2024-10-16 20:57:32,36200,1.0583980083465576,0.04085777699947357,0.01,20000,592429
2024-10-16 20:57:36,36400,1.102795124053955,0.07216307520866394,0.01,20000,592429
2024-10-16 20:57:40,36600,1.0436500310897827,0.04484739899635315,0.01,20000,592429
2024-10-16 20:57:45,36800,1.1763594150543213,0.08174362033605576,0.01,20000,592429
2024-10-16 20:57:49,37000,1.089543104171753,0.0596863254904747,0.01,20000,592429
2024-10-16 21:08:27,37200,1.1244854927062988,0.08180124312639236,0.01,20500,606607
2024-10-16 21:08:32,37400,1.133255124092102,0.09945891052484512,0.01,20500,606607
2024-10-16 21:08:36,37600,1.1663944721221924,0.05561152100563049,0.01,20500,606607
2024-10-16 21:08:40,37800,1.189284324645996,0.08878722786903381,0.01,20500,606607
2024-10-16 21:08:45,38000,1.0005419254302979,0.047976188361644745,0.01,20500,606607
2024-10-16 21:19:22,38200,1.1248568296432495,0.06366991996765137,0.01,21000,620878
2024-10-16 21:19:26,38400,1.1397478580474854,0.05811344087123871,0.01,21000,620878
2024-10-16 21:19:30,38600,1.0174047946929932,0.017800379544496536,0.01,21000,620878
2024-10-16 21:19:34,38800,1.1974046230316162,0.075590118765831,0.01,21000,620878
2024-10-16 21:19:39,39000,0.9745473861694336,0.04360752925276756,0.01,21000,620878
2024-10-16 21:30:04,39200,0.976734459400177,0.06276397407054901,0.01,21500,635060
2024-10-16 21:30:08,39400,1.0535719394683838,0.06602175533771515,0.01,21500,635060
2024-10-16 21:30:13,39600,1.0027949810028076,0.09894302487373352,0.01,21500,635060
2024-10-16 21:30:17,39800,0.9755005836486816,0.0498751737177372,0.01,21500,635060
2024-10-16 21:30:21,40000,1.0778145790100098,0.04826023057103157,0.01,21500,635060
2024-10-16 21:41:03,40200,1.0616960525512695,0.08934998512268066,0.01,22000,649274
2024-10-16 21:41:08,40400,1.2066677808761597,0.050963278859853745,0.01,22000,649274
2024-10-16 21:41:12,40600,0.9877829551696777,0.06909655779600143,0.01,22000,649274
2024-10-16 21:41:16,40800,1.028992772102356,0.0805167406797409,0.01,22000,649274
2024-10-16 21:41:20,41000,1.2038779258728027,0.08300663530826569,0.01,22000,649274
2024-10-16 21:51:47,41200,1.200103998184204,0.05549938231706619,0.01,22500,663337
2024-10-16 21:51:51,41400,1.0393718481063843,0.05518457666039467,0.01,22500,663337
2024-10-16 21:51:56,41600,1.167578935623169,0.11343298852443695,0.01,22500,663337
2024-10-16 21:52:00,41800,1.112135410308838,0.07894980907440186,0.01,22500,663337
2024-10-16 21:52:04,42000,1.0103120803833008,0.07150746881961823,0.01,22500,663337
2024-10-16 22:02:23,42200,1.1785352230072021,0.088294617831707,0.01,23000,677522
2024-10-16 22:02:28,42400,1.0841255187988281,0.05541945621371269,0.01,23000,677522
2024-10-16 22:02:32,42600,1.080789566040039,0.09033864736557007,0.01,23000,677522
2024-10-16 22:02:36,42800,0.9851303100585938,0.05028767138719559,0.01,23000,677522
2024-10-16 22:02:41,43000,1.080313801765442,0.0506674125790596,0.01,23000,677522
2024-10-16 22:13:07,43200,1.1016634702682495,0.07208549231290817,0.01,23500,691544
2024-10-16 22:13:12,43400,0.9885335564613342,0.061254940927028656,0.01,23500,691544
2024-10-16 22:13:16,43600,1.007861614227295,0.02657788246870041,0.01,23500,691544
2024-10-16 22:13:20,43800,1.0386210680007935,0.08177201449871063,0.01,23500,691544
2024-10-16 22:13:25,44000,1.0342789888381958,0.0425797700881958,0.01,23500,691544
2024-10-16 22:23:52,44200,1.015120267868042,0.017716199159622192,0.01,24000,705633
2024-10-16 22:23:57,44400,1.1046059131622314,0.041529979556798935,0.01,24000,705633
2024-10-16 22:24:01,44600,0.9985723495483398,0.04832986742258072,0.01,24000,705633
2024-10-16 22:24:05,44800,1.005531668663025,0.02749316394329071,0.01,24000,705633
2024-10-16 22:24:09,45000,0.944319486618042,0.068693146109581,0.01,24000,705633
2024-10-16 22:34:33,45200,0.998987078666687,0.08889804035425186,0.01,24500,719743
2024-10-16 22:34:37,45400,1.0263417959213257,0.06478582322597504,0.01,24500,719743
2024-10-16 22:34:42,45600,1.033388614654541,0.03157036378979683,0.01,24500,719743
2024-10-16 22:34:46,45800,1.0516138076782227,0.07447030395269394,0.01,24500,719743
2024-10-16 22:34:50,46000,1.030526876449585,0.05474500358104706,0.01,24500,719743
2024-10-16 22:45:20,46200,1.0903236865997314,0.026229947805404663,0.01,25000,733692
2024-10-16 22:45:24,46400,0.9957932829856873,0.046501193195581436,0.01,25000,733692
2024-10-16 22:45:28,46600,0.9795640110969543,0.07303333282470703,0.01,25000,733692
2024-10-16 22:45:33,46800,1.1274046897888184,0.04630410298705101,0.01,25000,733692
2024-10-16 22:45:37,47000,1.021200180053711,0.06974000483751297,0.01,25000,733692
2024-10-16 22:56:02,47200,1.1013603210449219,0.07500702887773514,0.01,25500,747958
2024-10-16 22:56:07,47400,1.1075317859649658,0.06201506406068802,0.01,25500,747958
2024-10-16 22:56:11,47600,1.0484604835510254,0.0868317186832428,0.01,25500,747958
2024-10-16 22:56:15,47800,1.1095417737960815,0.05946695804595947,0.01,25500,747958
2024-10-16 22:56:20,48000,1.097540020942688,0.07633543014526367,0.01,25500,747958
2024-10-16 23:06:48,48200,1.1278082132339478,0.062181148678064346,0.01,26000,762122
2024-10-16 23:06:52,48400,1.0923088788986206,0.07896769046783447,0.01,26000,762122
2024-10-16 23:06:56,48600,1.0299725532531738,0.06188070774078369,0.01,26000,762122
2024-10-16 23:07:01,48800,1.0917247533798218,0.04103795439004898,0.01,26000,762122
2024-10-16 23:07:05,49000,1.091504693031311,0.04817051440477371,0.01,26000,762122
2024-10-16 23:17:22,49200,1.0597951412200928,0.04617616534233093,0.01,26500,776220
2024-10-16 23:17:27,49400,1.0916314125061035,0.02658170647919178,0.01,26500,776220
2024-10-16 23:17:31,49600,1.044228196144104,0.02292005904018879,0.01,26500,776220
2024-10-16 23:17:36,49800,0.9898754358291626,0.0622132383286953,0.01,26500,776220
2024-10-16 23:17:40,50000,0.9176177978515625,0.03392945975065231,0.01,26500,776220
2024-10-16 23:27:59,50200,1.0257149934768677,0.028478283435106277,0.01,27000,790206
2024-10-16 23:28:04,50400,0.8912850618362427,0.03483308106660843,0.01,27000,790206
2024-10-16 23:28:08,50600,1.0127097368240356,0.01993381232023239,0.01,27000,790206
2024-10-16 23:28:12,50800,1.0194674730300903,0.03652554377913475,0.01,27000,790206
2024-10-16 23:28:17,51000,1.0106525421142578,0.02345465123653412,0.01,27000,790206
2024-10-16 23:38:30,51200,1.168565034866333,0.05174991860985756,0.01,27500,804342
2024-10-16 23:38:35,51400,0.9985271692276001,0.04191033914685249,0.01,27500,804342
2024-10-16 23:38:39,51600,1.0953737497329712,0.057801246643066406,0.01,27500,804342
2024-10-16 23:38:43,51800,0.9714974164962769,0.023359671235084534,0.01,27500,804342
2024-10-16 23:38:47,52000,1.0181927680969238,0.029839670285582542,0.01,27500,804342
2024-10-16 23:49:15,52200,1.030917763710022,0.03420213982462883,0.01,28000,818366
2024-10-16 23:49:19,52400,0.9533529281616211,0.06734634935855865,0.01,28000,818366
2024-10-16 23:49:23,52600,1.0433083772659302,0.04839300364255905,0.01,28000,818366
2024-10-16 23:49:28,52800,1.1280806064605713,0.07183688879013062,0.01,28000,818366
2024-10-16 23:49:32,53000,0.9106720685958862,0.04420753940939903,0.01,28000,818366
2024-10-17 00:00:05,53200,1.128431797027588,0.052332330495119095,0.01,28500,832751
2024-10-17 00:00:09,53400,1.0446181297302246,0.07237838208675385,0.01,28500,832751
2024-10-17 00:00:14,53600,0.9680941700935364,0.047788865864276886,0.01,28500,832751
2024-10-17 00:00:18,53800,1.0751351118087769,0.05255602300167084,0.01,28500,832751
2024-10-17 00:00:22,54000,0.9958652257919312,0.04691595584154129,0.01,28500,832751
2024-10-17 00:10:45,54200,1.0436434745788574,0.04140610992908478,0.01,29000,846934
2024-10-17 00:10:49,54400,0.9743427038192749,0.022477474063634872,0.01,29000,846934
2024-10-17 00:10:54,54600,1.118848204612732,0.05481664836406708,0.01,29000,846934
2024-10-17 00:10:58,54800,1.0051655769348145,0.07689261436462402,0.01,29000,846934
2024-10-17 00:11:03,55000,0.9647536277770996,0.07633879780769348,0.01,29000,846934
2024-10-17 00:21:27,55200,0.9630839228630066,0.04099217802286148,0.01,29500,861013
2024-10-17 00:21:31,55400,1.01559579372406,0.03198933228850365,0.01,29500,861013
2024-10-17 00:21:36,55600,0.9451953172683716,0.054804373532533646,0.01,29500,861013
2024-10-17 00:21:40,55800,1.1161415576934814,0.02690422721207142,0.01,29500,861013
2024-10-17 00:21:45,56000,1.0411884784698486,0.04921124503016472,0.01,29500,861013
2024-10-17 00:32:17,56200,1.021626591682434,0.0036900299601256847,0.01,30000,875173
2024-10-17 00:32:21,56400,1.0594053268432617,0.052750132977962494,0.01,30000,875173
2024-10-17 00:32:26,56600,0.9725298881530762,0.010066119953989983,0.01,30000,875173
2024-10-17 00:32:30,56800,1.0269594192504883,0.05150775983929634,0.01,30000,875173
2024-10-17 00:32:34,57000,1.0314383506774902,0.05271252989768982,0.01,30000,875173
2024-10-17 00:42:56,57200,0.9889388084411621,0.03250905126333237,0.01,30500,889193
2024-10-17 00:43:01,57400,1.0348516702651978,0.0104994997382164,0.01,30500,889193
2024-10-17 00:43:05,57600,1.0482203960418701,0.03908247500658035,0.01,30500,889193
2024-10-17 00:43:09,57800,1.043581485748291,0.0036831130273640156,0.01,30500,889193
2024-10-17 00:43:14,58000,1.1746882200241089,0.08181849867105484,0.01,30500,889193
2024-10-17 00:53:33,58200,0.971623420715332,0.03349989652633667,0.01,31000,903179
2024-10-17 00:53:38,58400,1.107537865638733,0.059461820870637894,0.01,31000,903179
2024-10-17 00:53:42,58600,0.9932022094726562,0.057101693004369736,0.01,31000,903179
2024-10-17 00:53:46,58800,1.0042309761047363,0.031070396304130554,0.01,31000,903179
2024-10-17 00:53:51,59000,1.1039234399795532,0.02795872837305069,0.01,31000,903179
2024-10-17 01:04:21,59200,1.0597507953643799,0.0365876778960228,0.01,31500,917377
2024-10-17 01:04:25,59400,1.0190383195877075,0.050591617822647095,0.01,31500,917377
2024-10-17 01:04:29,59600,1.046778917312622,0.02364862896502018,0.01,31500,917377
2024-10-17 01:04:33,59800,0.9481829404830933,0.06085275113582611,0.01,31500,917377
2024-10-17 01:04:38,60000,1.1686168909072876,0.06445177644491196,0.01,31500,917377
2024-10-17 01:14:56,60200,1.023801565170288,0.039400890469551086,0.01,32000,931497
2024-10-17 01:15:00,60400,1.0402394533157349,0.08856184035539627,0.01,32000,931497
2024-10-17 01:15:04,60600,1.0910687446594238,0.028713645413517952,0.01,32000,931497
2024-10-17 01:15:09,60800,1.1069858074188232,0.04832994565367699,0.01,32000,931497
2024-10-17 01:15:13,61000,1.1034735441207886,0.04056417942047119,0.01,32000,931497
2024-10-17 01:25:30,61200,1.0154459476470947,0.009422608651220798,0.01,32500,945581
2024-10-17 01:25:35,61400,1.1143089532852173,0.09621070325374603,0.01,32500,945581
2024-10-17 01:25:39,61600,1.0319218635559082,0.0426924005150795,0.01,32500,945581
2024-10-17 01:25:43,61800,1.0793054103851318,0.04185130074620247,0.01,32500,945581
2024-10-17 01:25:48,62000,1.0570542812347412,0.010636740364134312,0.01,32500,945581
2024-10-17 01:36:14,62200,1.0917930603027344,0.0224324781447649,0.01,33000,959722
2024-10-17 01:36:19,62400,1.010459303855896,0.02947133220732212,0.01,33000,959722
2024-10-17 01:36:23,62600,0.9815242290496826,0.025853803381323814,0.01,33000,959722
2024-10-17 01:36:27,62800,1.0797858238220215,0.05726957321166992,0.01,33000,959722
2024-10-17 01:36:32,63000,1.1888468265533447,0.0671233981847763,0.01,33000,959722
2024-10-17 01:47:01,63200,1.0792453289031982,0.024353671818971634,0.01,33500,973772
2024-10-17 01:47:05,63400,1.057249665260315,0.040104739367961884,0.01,33500,973772
2024-10-17 01:47:09,63600,1.0723540782928467,0.05211678147315979,0.01,33500,973772
2024-10-17 01:47:14,63800,1.0595667362213135,0.02909914031624794,0.01,33500,973772
2024-10-17 01:47:18,64000,1.0067968368530273,0.03100426122546196,0.01,33500,973772
2024-10-17 01:57:30,64200,1.1190413236618042,0.04296343773603439,0.01,34000,987869
2024-10-17 01:57:35,64400,1.0027742385864258,0.04142222926020622,0.01,34000,987869
2024-10-17 01:57:39,64600,0.9628667235374451,0.059026144444942474,0.01,34000,987869
2024-10-17 01:57:44,64800,1.0092308521270752,0.02498648315668106,0.01,34000,987869
2024-10-17 01:57:48,65000,1.0357917547225952,0.03059825301170349,0.01,34000,987869
2024-10-17 02:08:06,65200,1.0452913045883179,0.026709074154496193,0.01,34500,1001985
2024-10-17 02:08:10,65400,1.0228391885757446,0.02606087177991867,0.01,34500,1001985
2024-10-17 02:08:15,65600,1.013559341430664,0.023613670840859413,0.01,34500,1001985
2024-10-17 02:08:19,65800,1.0750067234039307,0.04922060668468475,0.01,34500,1001985
2024-10-17 02:08:23,66000,0.9706058502197266,0.04507385939359665,0.01,34500,1001985
2024-10-17 02:18:47,66200,0.968407154083252,0.04289630800485611,0.01,35000,1016108
2024-10-17 02:18:51,66400,1.103921890258789,0.03494397923350334,0.01,35000,1016108
2024-10-17 02:18:56,66600,1.000166416168213,0.03781220316886902,0.01,35000,1016108
2024-10-17 02:19:00,66800,1.0582796335220337,0.04859216511249542,0.01,35000,1016108
2024-10-17 02:19:05,67000,1.0363008975982666,0.013082446530461311,0.01,35000,1016108
2024-10-17 02:29:18,67200,0.9443392753601074,0.028528830036520958,0.01,35500,1030134
2024-10-17 02:29:22,67400,0.9524220824241638,0.02388300746679306,0.01,35500,1030134
2024-10-17 02:29:26,67600,1.0909069776535034,0.07520680874586105,0.01,35500,1030134
2024-10-17 02:29:31,67800,1.112753987312317,0.028931615874171257,0.01,35500,1030134
2024-10-17 02:29:35,68000,1.1719563007354736,0.01980779320001602,0.01,35500,1030134
2024-10-17 02:39:58,68200,1.1075356006622314,0.05829315632581711,0.01,36000,1044249
2024-10-17 02:40:02,68400,1.0720270872116089,0.038676537573337555,0.01,36000,1044249
2024-10-17 02:40:06,68600,1.1244537830352783,0.05371615290641785,0.01,36000,1044249
2024-10-17 02:40:11,68800,1.0564122200012207,0.03135133534669876,0.01,36000,1044249
2024-10-17 02:40:15,69000,1.1291320323944092,0.023340841755270958,0.01,36000,1044249
2024-10-17 02:50:35,69200,0.9218862056732178,0.03826158493757248,0.01,36500,1058361
2024-10-17 02:50:39,69400,1.1877672672271729,0.018996119499206543,0.01,36500,1058361
2024-10-17 02:50:43,69600,1.035642147064209,0.03199382498860359,0.01,36500,1058361
2024-10-17 02:50:47,69800,1.0409648418426514,0.03951742500066757,0.01,36500,1058361
2024-10-17 02:50:52,70000,0.9737773537635803,0.01988125592470169,0.01,36500,1058361
2024-10-17 03:01:18,70200,0.9995588064193726,0.04255592077970505,0.01,37000,1072583
2024-10-17 03:01:23,70400,1.0718035697937012,0.043833717703819275,0.01,37000,1072583
2024-10-17 03:01:27,70600,1.014101266860962,0.046987779438495636,0.01,37000,1072583
2024-10-17 03:01:31,70800,1.0612058639526367,0.047626741230487823,0.01,37000,1072583
2024-10-17 03:01:36,71000,1.0394941568374634,0.02664051577448845,0.01,37000,1072583
2024-10-17 03:12:01,71200,1.0351109504699707,0.053839076310396194,0.01,37500,1086765
2024-10-17 03:12:05,71400,1.144857406616211,0.059325870126485825,0.01,37500,1086765
2024-10-17 03:12:09,71600,1.1054482460021973,0.054908059537410736,0.01,37500,1086765
2024-10-17 03:12:13,71800,1.1191635131835938,0.024615399539470673,0.01,37500,1086765
2024-10-17 03:12:18,72000,1.004357099533081,0.023481490090489388,0.01,37500,1086765
2024-10-17 03:22:41,72200,1.0207951068878174,0.04419715330004692,0.01,38000,1100848
2024-10-17 03:22:45,72400,1.1474676132202148,0.06355056166648865,0.01,38000,1100848
2024-10-17 03:22:49,72600,1.0744770765304565,0.03671704977750778,0.01,38000,1100848
2024-10-17 03:22:53,72800,1.0622998476028442,0.02853238955140114,0.01,38000,1100848
2024-10-17 03:22:58,73000,1.1542372703552246,0.07303749769926071,0.01,38000,1100848
2024-10-17 03:33:22,73200,1.0534842014312744,0.08214540779590607,0.01,38500,1114918
2024-10-17 03:33:26,73400,1.1942468881607056,0.03644765540957451,0.01,38500,1114918
2024-10-17 03:33:30,73600,1.0842034816741943,0.030772147700190544,0.01,38500,1114918
2024-10-17 03:33:35,73800,1.0779205560684204,0.03641944006085396,0.01,38500,1114918
2024-10-17 03:33:39,74000,0.9839376211166382,0.02715044468641281,0.01,38500,1114918
2024-10-17 03:44:04,74200,1.0963811874389648,0.08126886188983917,0.01,39000,1129042
2024-10-17 03:44:09,74400,1.074242353439331,0.06683291494846344,0.01,39000,1129042
2024-10-17 03:44:13,74600,1.1582427024841309,0.04073203355073929,0.01,39000,1129042
2024-10-17 03:44:17,74800,1.0657730102539062,0.023042157292366028,0.01,39000,1129042
2024-10-17 03:44:22,75000,0.997566282749176,0.047454334795475006,0.01,39000,1129042
2024-10-17 03:54:33,75200,1.0212228298187256,0.0815538689494133,0.01,39500,1143156
2024-10-17 03:54:37,75400,1.0034723281860352,0.03128056973218918,0.01,39500,1143156
2024-10-17 03:54:41,75600,1.1490949392318726,0.03657493367791176,0.01,39500,1143156
2024-10-17 03:54:46,75800,1.1503604650497437,0.07636110484600067,0.01,39500,1143156
2024-10-17 03:54:50,76000,1.128589153289795,0.07065434008836746,0.01,39500,1143156
2024-10-17 04:05:12,76200,0.9672507047653198,0.037076838314533234,0.01,40000,1157249
2024-10-17 04:05:17,76400,1.2099189758300781,0.10729873925447464,0.01,40000,1157249
2024-10-17 04:05:21,76600,0.9969367980957031,0.038495685905218124,0.01,40000,1157249
2024-10-17 04:05:25,76800,0.9570291638374329,0.010390478186309338,0.01,40000,1157249
2024-10-17 04:05:30,77000,1.0503959655761719,0.0669010728597641,0.01,40000,1157249
2024-10-17 04:15:54,77200,1.024410605430603,0.038235437124967575,0.01,40500,1171370
2024-10-17 04:15:58,77400,0.9833742380142212,0.04412355273962021,0.01,40500,1171370
2024-10-17 04:16:02,77600,0.9556809663772583,0.0645492821931839,0.01,40500,1171370
2024-10-17 04:16:07,77800,0.9866917133331299,0.04726327583193779,0.01,40500,1171370
2024-10-17 04:16:11,78000,0.9702474474906921,0.0398637056350708,0.01,40500,1171370
2024-10-17 04:26:34,78200,1.0282062292099,0.035429611802101135,0.01,41000,1185419
2024-10-17 04:26:38,78400,1.0606893301010132,0.0712117925286293,0.01,41000,1185419
2024-10-17 04:26:43,78600,1.0893669128417969,0.0755215510725975,0.01,41000,1185419
2024-10-17 04:26:47,78800,0.9406853318214417,0.032224468886852264,0.01,41000,1185419
2024-10-17 04:26:51,79000,1.0803711414337158,0.0709901824593544,0.01,41000,1185419
2024-10-17 04:37:15,79200,1.0906767845153809,0.03636464849114418,0.01,41500,1199553
2024-10-17 04:37:19,79400,1.0195637941360474,0.05479902774095535,0.01,41500,1199553
2024-10-17 04:37:23,79600,1.1601405143737793,0.08038997650146484,0.01,41500,1199553
2024-10-17 04:37:28,79800,1.0456883907318115,0.02500119060277939,0.01,41500,1199553
2024-10-17 04:37:32,80000,1.0034540891647339,0.013255579397082329,0.01,41500,1199553
2024-10-17 04:47:59,80200,1.1111401319503784,0.01677251234650612,0.01,42000,1213728
2024-10-17 04:48:03,80400,1.1145906448364258,0.054367270320653915,0.01,42000,1213728
2024-10-17 04:48:08,80600,1.1748383045196533,0.073796346783638,0.01,42000,1213728
2024-10-17 04:48:12,80800,1.0355323553085327,0.008142637088894844,0.01,42000,1213728
2024-10-17 04:48:16,81000,1.0708106756210327,0.07875759154558182,0.01,42000,1213728
2024-10-17 04:58:36,81200,1.0986101627349854,0.06400339305400848,0.01,42500,1227683
2024-10-17 04:58:40,81400,1.0619330406188965,0.03235575556755066,0.01,42500,1227683
2024-10-17 04:58:45,81600,1.1256952285766602,0.042248453944921494,0.01,42500,1227683
2024-10-17 04:58:49,81800,1.0580222606658936,0.07674098014831543,0.01,42500,1227683
2024-10-17 04:58:53,82000,1.0672467947006226,0.04394172132015228,0.01,42500,1227683
2024-10-17 05:09:22,82200,1.0565898418426514,0.01976640522480011,0.01,43000,1241772
2024-10-17 05:09:26,82400,1.0326581001281738,0.04702372848987579,0.01,43000,1241772
2024-10-17 05:09:31,82600,1.1235672235488892,0.03469366580247879,0.01,43000,1241772
2024-10-17 05:09:35,82800,0.9961967468261719,0.030415508896112442,0.01,43000,1241772
2024-10-17 05:09:39,83000,1.0067112445831299,0.033887363970279694,0.01,43000,1241772
2024-10-17 05:19:59,83200,0.9817643761634827,0.0429486483335495,0.01,43500,1255776
2024-10-17 05:20:03,83400,1.1186933517456055,0.017146432772278786,0.01,43500,1255776
2024-10-17 05:20:08,83600,1.1214776039123535,0.024686556309461594,0.01,43500,1255776
2024-10-17 05:20:12,83800,1.0858197212219238,0.042319100350141525,0.01,43500,1255776
2024-10-17 05:20:16,84000,1.0961329936981201,0.03357456997036934,0.01,43500,1255776
2024-10-17 05:30:43,84200,1.1580605506896973,0.023383645340800285,0.01,44000,1269773
2024-10-17 05:30:48,84400,1.148453712463379,0.04349450767040253,0.01,44000,1269773
2024-10-17 05:30:52,84600,1.1650317907333374,0.049862585961818695,0.01,44000,1269773
2024-10-17 05:30:57,84800,1.137639045715332,0.030087128281593323,0.01,44000,1269773
2024-10-17 05:31:01,85000,1.06351900100708,0.04124654829502106,0.01,44000,1269773
2024-10-17 05:41:20,85200,1.074162244796753,0.014714239165186882,0.01,44500,1283877
2024-10-17 05:41:24,85400,1.063016653060913,0.05580592155456543,0.01,44500,1283877
2024-10-17 05:41:28,85600,1.0303760766983032,0.03182172402739525,0.01,44500,1283877
2024-10-17 05:41:33,85800,0.9896025657653809,0.027187678962945938,0.01,44500,1283877
2024-10-17 05:41:37,86000,1.0436359643936157,0.021281426772475243,0.01,44500,1283877
2024-10-17 05:51:56,86200,1.067457914352417,0.05360470339655876,0.01,45000,1297829
2024-10-17 05:52:01,86400,1.0745949745178223,0.056481923907995224,0.01,45000,1297829
2024-10-17 05:52:05,86600,1.063998818397522,0.02668076753616333,0.01,45000,1297829
2024-10-17 05:52:09,86800,1.0738537311553955,0.05574612319469452,0.01,45000,1297829
2024-10-17 05:52:14,87000,1.038275957107544,0.041318319737911224,0.01,45000,1297829
2024-10-17 06:02:34,87200,1.1008543968200684,0.022896427661180496,0.01,45500,1311855
2024-10-17 06:02:38,87400,1.027675747871399,0.038907699286937714,0.01,45500,1311855
2024-10-17 06:02:43,87600,1.1434732675552368,0.015062091872096062,0.01,45500,1311855
2024-10-17 06:02:47,87800,1.0536372661590576,0.03994584083557129,0.01,45500,1311855
2024-10-17 06:02:51,88000,0.9808962345123291,0.02087363973259926,0.01,45500,1311855
2024-10-17 06:13:02,88200,1.0793291330337524,0.035580337047576904,0.01,46000,1325849
2024-10-17 06:13:06,88400,1.0888806581497192,0.05956239253282547,0.01,46000,1325849
2024-10-17 06:13:10,88600,1.0123242139816284,0.011504396796226501,0.01,46000,1325849
2024-10-17 06:13:14,88800,0.992142915725708,0.03116358444094658,0.01,46000,1325849
2024-10-17 06:13:19,89000,1.0481047630310059,0.028807658702135086,0.01,46000,1325849
2024-10-17 06:23:32,89200,1.0705689191818237,0.038833584636449814,0.01,46500,1339849
2024-10-17 06:23:36,89400,1.0307676792144775,0.04693566635251045,0.01,46500,1339849
2024-10-17 06:23:40,89600,1.1451778411865234,0.05314672738313675,0.01,46500,1339849
2024-10-17 06:23:45,89800,1.094175100326538,0.0530785396695137,0.01,46500,1339849
2024-10-17 06:23:49,90000,0.9900060892105103,0.04212553799152374,0.01,46500,1339849
2024-10-17 06:34:06,90200,0.9460906982421875,0.04576350003480911,0.01,47000,1353856
2024-10-17 06:34:11,90400,1.0373034477233887,0.04082905128598213,0.01,47000,1353856
2024-10-17 06:34:15,90600,1.1343098878860474,0.07701057195663452,0.01,47000,1353856
2024-10-17 06:34:19,90800,1.1266061067581177,0.04401995241641998,0.01,47000,1353856
2024-10-17 06:34:24,91000,1.1296663284301758,0.030402489006519318,0.01,47000,1353856
2024-10-17 06:44:47,91200,1.1498420238494873,0.024596814066171646,0.01,47500,1367842
2024-10-17 06:44:51,91400,1.046494722366333,0.024611571803689003,0.01,47500,1367842
2024-10-17 06:44:55,91600,1.0682649612426758,0.055327076464891434,0.01,47500,1367842
2024-10-17 06:45:00,91800,1.1207935810089111,0.030739247798919678,0.01,47500,1367842
2024-10-17 06:45:04,92000,1.0031241178512573,0.03149821609258652,0.01,47500,1367842
2024-10-17 06:55:20,92200,1.081567406654358,0.05083990842103958,0.01,48000,1382009
2024-10-17 06:55:24,92400,1.0581097602844238,0.030332934111356735,0.01,48000,1382009
2024-10-17 06:55:29,92600,1.1650748252868652,0.05523177981376648,0.01,48000,1382009
2024-10-17 06:55:33,92800,1.0822725296020508,0.017991287633776665,0.01,48000,1382009
2024-10-17 06:55:37,93000,1.0033810138702393,0.02900092676281929,0.01,48000,1382009
2024-10-17 07:05:46,93200,1.0146815776824951,0.02599196694791317,0.01,48500,1395967
2024-10-17 07:05:50,93400,1.100483775138855,0.04835120216012001,0.01,48500,1395967
2024-10-17 07:05:54,93600,1.0159189701080322,0.033200789242982864,0.01,48500,1395967
2024-10-17 07:05:59,93800,1.025282859802246,0.05166299641132355,0.01,48500,1395967
2024-10-17 07:06:03,94000,1.0775775909423828,0.06255802512168884,0.01,48500,1395967
2024-10-17 07:16:20,94200,1.0385799407958984,0.03195827454328537,0.01,49000,1409998
2024-10-17 07:16:24,94400,1.0951826572418213,0.05949921905994415,0.01,49000,1409998
2024-10-17 07:16:28,94600,1.11025071144104,0.03580039367079735,0.01,49000,1409998
2024-10-17 07:16:33,94800,1.0715687274932861,0.025820240378379822,0.01,49000,1409998
2024-10-17 07:16:37,95000,1.0873403549194336,0.07030782103538513,0.01,49000,1409998
2024-10-17 07:26:46,95200,1.0757768154144287,0.06104063615202904,0.01,49500,1424008
2024-10-17 07:26:50,95400,1.067367434501648,0.02415863424539566,0.01,49500,1424008
2024-10-17 07:26:54,95600,1.1005995273590088,0.03258026763796806,0.01,49500,1424008
2024-10-17 07:26:59,95800,1.049860954284668,0.030186008661985397,0.01,49500,1424008
2024-10-17 07:27:03,96000,1.0601155757904053,0.04240839555859566,0.01,49500,1424008
2024-10-17 07:37:11,96200,1.0934901237487793,0.0511830598115921,0.01,50000,1438024
2024-10-17 07:37:15,96400,1.1135146617889404,0.05901838839054108,0.01,50000,1438024
2024-10-17 07:37:20,96600,1.1231613159179688,0.04385072737932205,0.01,50000,1438024
2024-10-17 07:37:24,96800,1.0978596210479736,0.086092010140419,0.01,50000,1438024
2024-10-17 07:37:28,97000,1.1274548768997192,0.06626841425895691,0.01,50000,1438024
2024-10-17 07:47:44,97200,1.036078691482544,0.01690712198615074,0.01,50500,1452109
2024-10-17 07:47:48,97400,1.0131514072418213,0.03339691460132599,0.01,50500,1452109
2024-10-17 07:47:52,97600,1.11222505569458,0.06476660072803497,0.01,50500,1452109
2024-10-17 07:47:57,97800,1.140316367149353,0.030290819704532623,0.01,50500,1452109
2024-10-17 07:48:01,98000,1.0638985633850098,0.0532236211001873,0.01,50500,1452109
2024-10-17 07:58:22,98200,1.0109755992889404,0.015881095081567764,0.01,51000,1466137
2024-10-17 07:58:26,98400,1.0579769611358643,0.02626032382249832,0.01,51000,1466137
2024-10-17 07:58:30,98600,1.0599271059036255,0.03437668830156326,0.01,51000,1466137
2024-10-17 07:58:35,98800,1.0167557001113892,0.09182772785425186,0.01,51000,1466137
2024-10-17 07:58:39,99000,1.0955886840820312,0.03212558850646019,0.01,51000,1466137
2024-10-17 08:08:48,99200,1.0555672645568848,0.03955121338367462,0.01,51500,1480389
2024-10-17 08:08:53,99400,1.0542430877685547,0.04457162320613861,0.01,51500,1480389
2024-10-17 08:08:57,99600,1.0097891092300415,0.03941419720649719,0.01,51500,1480389
2024-10-17 08:09:01,99800,1.1171369552612305,0.037515364587306976,0.01,51500,1480389
2024-10-17 08:09:06,100000,1.1403591632843018,0.050452206283807755,0.001,51500,1480389
2024-10-17 08:19:08,100200,1.0410263538360596,0.03251064196228981,0.001,52000,1494575
2024-10-17 08:19:13,100400,0.9869287610054016,0.038666680455207825,0.001,52000,1494575
2024-10-17 08:19:17,100600,1.0133557319641113,0.04186934232711792,0.001,52000,1494575
2024-10-17 08:19:21,100800,1.095595121383667,0.01667644828557968,0.001,52000,1494575
2024-10-17 08:19:26,101000,1.049661636352539,0.05360784754157066,0.001,52000,1494575
2024-10-17 08:29:39,101200,1.0665332078933716,0.03832278773188591,0.001,52500,1508528
2024-10-17 08:29:44,101400,1.0307517051696777,0.037665955722332,0.001,52500,1508528
2024-10-17 08:29:48,101600,1.004255771636963,0.017151756212115288,0.001,52500,1508528
2024-10-17 08:29:52,101800,1.0645173788070679,0.058287497609853745,0.001,52500,1508528
2024-10-17 08:29:57,102000,0.9857115745544434,0.05970276892185211,0.001,52500,1508528
2024-10-17 08:40:07,102200,1.0676547288894653,0.040959373116493225,0.001,53000,1522615
2024-10-17 08:40:12,102400,1.1111607551574707,0.03923434764146805,0.001,53000,1522615
2024-10-17 08:40:16,102600,1.0565096139907837,0.060715507715940475,0.001,53000,1522615
2024-10-17 08:40:21,102800,1.0564733743667603,0.05529005825519562,0.001,53000,1522615
2024-10-17 08:40:25,103000,1.070265293121338,0.042630262672901154,0.001,53000,1522615
2024-10-17 08:50:31,103200,1.0687546730041504,0.0648195818066597,0.001,53500,1536550
2024-10-17 08:50:36,103400,1.0536386966705322,0.04547788202762604,0.001,53500,1536550
2024-10-17 08:50:40,103600,1.0670430660247803,0.010723927058279514,0.001,53500,1536550
2024-10-17 08:50:44,103800,1.0205249786376953,0.02353675663471222,0.001,53500,1536550
2024-10-17 08:50:49,104000,1.0106258392333984,0.0646510198712349,0.001,53500,1536550
2024-10-17 09:01:00,104200,1.0524872541427612,0.0576140321791172,0.001,54000,1550475
2024-10-17 09:01:04,104400,1.1147682666778564,0.08043666183948517,0.001,54000,1550475
2024-10-17 09:01:09,104600,1.1384998559951782,0.030723311007022858,0.001,54000,1550475
2024-10-17 09:01:13,104800,1.0426889657974243,0.021328646689653397,0.001,54000,1550475
2024-10-17 09:01:17,105000,0.9978220462799072,0.031018124893307686,0.001,54000,1550475
2024-10-17 09:11:30,105200,1.093684434890747,0.03661805018782616,0.001,54500,1564512
2024-10-17 09:11:35,105400,1.017824411392212,0.023037631064653397,0.001,54500,1564512
2024-10-17 09:11:39,105600,1.0036488771438599,0.027073999866843224,0.001,54500,1564512
2024-10-17 09:11:44,105800,1.002927303314209,0.01800532639026642,0.001,54500,1564512
2024-10-17 09:11:48,106000,1.0779414176940918,0.021168090403079987,0.001,54500,1564512
2024-10-17 09:21:57,106200,1.059462308883667,0.06181955710053444,0.001,55000,1578415
2024-10-17 09:22:02,106400,1.0017317533493042,0.020241759717464447,0.001,55000,1578415
2024-10-17 09:22:06,106600,1.1370489597320557,0.04891689494252205,0.001,55000,1578415
2024-10-17 09:22:10,106800,1.0045241117477417,0.02203363925218582,0.001,55000,1578415
2024-10-17 09:22:15,107000,0.9834039211273193,0.021607592701911926,0.001,55000,1578415
